score,r2_1,r2_2,epochs,kernel_size,points,model_param1,model_param2,telescope,t_int,label
0.9004463255405426,0.8764800429344177,0.9244126081466675,50,71,2762,83,4,NA,NA,"pure signal first try"
0.933083713054657,0.9155569076538086,0.9506105184555054,50,5,2762,83,4,NA,NA,"pure signal first try"
0.9187427759170532,0.8983988165855408,0.9390867352485657,50,19,2762,83,4,NA,NA,"pure signal first try"
0.8779241740703583,0.8359974026679993,0.9198509454727173,50,181,2762,83,4,NA,NA,"pure signal first try"
0.9155840277671814,0.9004693627357483,0.9306986927986145,50,8,2762,83,4,NA,NA,"pure signal first try"
0.933083713054657,0.9155569076538086,0.9506105184555054,50,5,2762,83,4,NA,NA,"pure signal first try"
0.8792984187602997,0.8366532921791077,0.9219435453414917,50,175,2762,83,4,NA,NA,"pure signal first try"
0.839345782995224,0.7682347297668457,0.9104568362236023,50,494,2762,83,4,NA,NA,"pure signal first try"
0.9051947295665741,0.8780533075332642,0.932336151599884,50,117,2762,83,4,NA,NA,"pure signal first try"
0.8311732709407806,0.7591035962104797,0.9032429456710815,50,433,2762,83,4,NA,NA,"pure signal first try"
0.9120187163352966,0.8915215730667114,0.9325158596038818,50,29,2762,83,4,NA,NA,"pure signal first try"
0.933083713054657,0.9155569076538086,0.9506105184555054,50,5,2762,83,4,NA,NA,"pure signal first try"
0.8522911071777344,0.7963776588439941,0.9082045555114746,50,1606,2762,83,4,NA,NA,"pure signal first try"
0.919517457485199,0.8970385789871216,0.9419963359832764,50,14,2762,83,4,NA,NA,"pure signal first try"
0.933083713054657,0.9155569076538086,0.9506105184555054,50,5,2762,83,4,NA,NA,"pure signal first try"
0.9049553871154785,0.877850353717804,0.9320604205131531,50,40,2762,83,4,NA,NA,"pure signal first try"
0.9131834208965302,0.8852671384811401,0.9410997033119202,50,10,2762,83,4,NA,NA,"pure signal first try"
0.9085270166397095,0.8882285952568054,0.9288254380226135,50,51,2762,83,4,NA,NA,"pure signal first try"
0.9091692566871643,0.883834183216095,0.9345043301582336,50,22,2762,83,4,NA,NA,"pure signal first try"
0.9129882752895355,0.8928750157356262,0.9331015348434448,50,9,2762,83,4,NA,NA,"pure signal first try"
0.933083713054657,0.9155569076538086,0.9506105184555054,50,5,2762,83,4,NA,NA,"pure signal first try"
0.9188069701194763,0.9047921299934387,0.9328218102455139,50,7,2762,83,4,NA,NA,"pure signal first try"
0.933083713054657,0.9155569076538086,0.9506105184555054,50,5,2762,83,4,NA,NA,"pure signal first try"
0.9170410931110382,0.8964204788208008,0.9376617074012756,50,15,2762,83,4,NA,NA,"pure signal first try"
0.9173515439033508,0.8966594338417053,0.9380436539649963,50,16,2762,83,4,NA,NA,"pure signal first try"
0.9131834208965302,0.8852671384811401,0.9410997033119202,50,10,2762,83,4,NA,NA,"pure signal first try"
0.915794849395752,0.8909542560577393,0.9406354427337646,50,28,2762,83,4,NA,NA,"pure signal first try"
0.933083713054657,0.9155569076538086,0.9506105184555054,50,5,2762,83,4,NA,NA,"pure signal first try"
0.9169833958148956,0.8971505165100098,0.9368162751197815,50,11,2762,83,4,NA,NA,"pure signal first try"
0.9056453108787537,0.8776164054870605,0.9336742162704468,50,61,2762,83,4,NA,NA,"pure signal first try"
0.8456684350967407,0.7863316535949707,0.9050052165985107,50,1628,2762,83,4,NA,NA,"pure signal first try"
0.9248369634151459,0.9044930338859558,0.9451808929443359,50,6,2762,83,4,NA,NA,"pure signal first try"
0.9188069701194763,0.9047921299934387,0.9328218102455139,50,7,2762,83,4,NA,NA,"pure signal first try"
0.933083713054657,0.9155569076538086,0.9506105184555054,50,5,2762,83,4,NA,NA,"pure signal first try"
0.9222703278064728,0.8993039131164551,0.9452367424964905,50,12,2762,83,4,NA,NA,"pure signal first try"
0.9035803377628326,0.87061607837677,0.9365445971488953,50,23,2762,83,4,NA,NA,"pure signal first try"
0.9188069701194763,0.9047921299934387,0.9328218102455139,50,7,2762,83,4,NA,NA,"pure signal first try"
0.9129882752895355,0.8928750157356262,0.9331015348434448,50,9,2762,83,4,NA,NA,"pure signal first try"
0.9030950963497162,0.8746911883354187,0.9314990043640137,50,97,2762,83,4,NA,NA,"pure signal first try"
0.8735050559043884,0.8357788920402527,0.9112312197685242,50,253,2762,83,4,NA,NA,"pure signal first try"
0.8399971127510071,0.7765218019485474,0.9034724235534668,50,757,2762,83,4,NA,NA,"pure signal first try"
0.933083713054657,0.9155569076538086,0.9506105184555054,50,5,2762,83,4,NA,NA,"pure signal first try"
0.9188069701194763,0.9047921299934387,0.9328218102455139,50,7,2762,83,4,NA,NA,"pure signal first try"
0.933083713054657,0.9155569076538086,0.9506105184555054,50,5,2762,83,4,NA,NA,"pure signal first try"
0.9173515439033508,0.8966594338417053,0.9380436539649963,50,16,2762,83,4,NA,NA,"pure signal first try"
0.9155840277671814,0.9004693627357483,0.9306986927986145,50,8,2762,83,4,NA,NA,"pure signal first try"
0.9194242656230927,0.9010629057884216,0.9377856254577637,50,37,2762,83,4,NA,NA,"pure signal first try"
0.9222703278064728,0.8993039131164551,0.9452367424964905,50,12,2762,83,4,NA,NA,"pure signal first try"
0.9248369634151459,0.9044930338859558,0.9451808929443359,50,6,2762,83,4,NA,NA,"pure signal first try"
0.9129882752895355,0.8928750157356262,0.9331015348434448,50,9,2762,83,4,NA,NA,"pure signal first try"
0.9202987253665924,0.9030376672744751,0.9375597834587097,50,18,2762,83,4,NA,NA,"pure signal first try"
0.933083713054657,0.9155569076538086,0.9506105184555054,50,5,2762,83,4,NA,NA,"pure signal first try"
0.9188069701194763,0.9047921299934387,0.9328218102455139,50,7,2762,83,4,NA,NA,"pure signal first try"
0.9248369634151459,0.9044930338859558,0.9451808929443359,50,6,2762,83,4,NA,NA,"pure signal first try"
0.9172453582286835,0.8927413821220398,0.9417493343353271,50,13,2762,83,4,NA,NA,"pure signal first try"
0.9129882752895355,0.8928750157356262,0.9331015348434448,50,9,2762,83,4,NA,NA,"pure signal first try"
0.9248369634151459,0.9044930338859558,0.9451808929443359,50,6,2762,83,4,NA,NA,"pure signal first try"
0.933083713054657,0.9155569076538086,0.9506105184555054,50,5,2762,83,4,NA,NA,"pure signal first try"
0.8444337546825409,0.7821745276451111,0.9066929817199707,50,2304,2762,83,4,NA,NA,"pure signal first try"
0.9131834208965302,0.8852671384811401,0.9410997033119202,50,10,2762,83,4,NA,NA,"pure signal first try"
0.9100417494773865,0.8835081458091736,0.9365753531455994,50,21,2762,83,4,NA,NA,"pure signal first try"
0.933083713054657,0.9155569076538086,0.9506105184555054,50,5,2762,83,4,NA,NA,"pure signal first try"
0.9248369634151459,0.9044930338859558,0.9451808929443359,50,6,2762,83,4,NA,NA,"pure signal first try"
0.9155840277671814,0.9004693627357483,0.9306986927986145,50,8,2762,83,4,NA,NA,"pure signal first try"
0.9188069701194763,0.9047921299934387,0.9328218102455139,50,7,2762,83,4,NA,NA,"pure signal first try"
0.9169833958148956,0.8971505165100098,0.9368162751197815,50,11,2762,83,4,NA,NA,"pure signal first try"
0.9248369634151459,0.9044930338859558,0.9451808929443359,50,6,2762,83,4,NA,NA,"pure signal first try"
0.919517457485199,0.8970385789871216,0.9419963359832764,50,14,2762,83,4,NA,NA,"pure signal first try"
0.9155840277671814,0.9004693627357483,0.9306986927986145,50,8,2762,83,4,NA,NA,"pure signal first try"
0.8760122656822205,0.834491491317749,0.9175330400466919,50,208,2762,83,4,NA,NA,"pure signal first try"
0.933083713054657,0.9155569076538086,0.9506105184555054,50,5,2762,83,4,NA,NA,"pure signal first try"
0.933083713054657,0.9155569076538086,0.9506105184555054,50,5,2762,83,4,NA,NA,"pure signal first try"
0.9248369634151459,0.9044930338859558,0.9451808929443359,50,6,2762,83,4,NA,NA,"pure signal first try"
0.9155840277671814,0.9004693627357483,0.9306986927986145,50,8,2762,83,4,NA,NA,"pure signal first try"
0.9131834208965302,0.8852671384811401,0.9410997033119202,50,10,2762,83,4,NA,NA,"pure signal first try"
0.933083713054657,0.9155569076538086,0.9506105184555054,50,5,2762,83,4,NA,NA,"pure signal first try"
0.9030950963497162,0.8746911883354187,0.9314990043640137,50,97,2762,83,4,NA,NA,"pure signal first try"
0.8309672772884369,0.762358546257019,0.8995760083198547,50,683,2762,83,4,NA,NA,"pure signal first try"
0.8914997577667236,0.8685869574546814,0.9144125580787659,50,125,2762,83,4,NA,NA,"pure signal first try"
0.9188069701194763,0.9047921299934387,0.9328218102455139,50,7,2762,83,4,NA,NA,"pure signal first try"
0.9248369634151459,0.9044930338859558,0.9451808929443359,50,6,2762,83,4,NA,NA,"pure signal first try"
0.933083713054657,0.9155569076538086,0.9506105184555054,50,5,2762,83,4,NA,NA,"pure signal first try"
0.9155840277671814,0.9004693627357483,0.9306986927986145,50,8,2762,83,4,NA,NA,"pure signal first try"
0.9248369634151459,0.9044930338859558,0.9451808929443359,50,6,2762,83,4,NA,NA,"pure signal first try"
0.933083713054657,0.9155569076538086,0.9506105184555054,50,5,2762,83,4,NA,NA,"pure signal first try"
0.9188069701194763,0.9047921299934387,0.9328218102455139,50,7,2762,83,4,NA,NA,"pure signal first try"
0.9129882752895355,0.8928750157356262,0.9331015348434448,50,9,2762,83,4,NA,NA,"pure signal first try"
0.9169833958148956,0.8971505165100098,0.9368162751197815,50,11,2762,83,4,NA,NA,"pure signal first try"
0.9248369634151459,0.9044930338859558,0.9451808929443359,50,6,2762,83,4,NA,NA,"pure signal first try"
0.8556237816810608,0.8012992739677429,0.9099482893943787,50,319,2762,83,4,NA,NA,"pure signal first try"
0.9188069701194763,0.9047921299934387,0.9328218102455139,50,7,2762,83,4,NA,NA,"pure signal first try"
0.933083713054657,0.9155569076538086,0.9506105184555054,50,5,2762,83,4,NA,NA,"pure signal first try"
0.933083713054657,0.9155569076538086,0.9506105184555054,50,5,2762,83,4,NA,NA,"pure signal first try"
0.9155840277671814,0.9004693627357483,0.9306986927986145,50,8,2762,83,4,NA,NA,"pure signal first try"
0.9248369634151459,0.9044930338859558,0.9451808929443359,50,6,2762,83,4,NA,NA,"pure signal first try"
0.9129882752895355,0.8928750157356262,0.9331015348434448,50,9,2762,83,4,NA,NA,"pure signal first try"
0.9188069701194763,0.9047921299934387,0.9328218102455139,50,7,2762,83,4,NA,NA,"pure signal first try"
0.933083713054657,0.9155569076538086,0.9506105184555054,50,5,2762,83,4,NA,NA,"pure signal first try"
0.9172453582286835,0.8927413821220398,0.9417493343353271,50,13,2762,83,4,NA,NA,"pure signal first try"
0.9131834208965302,0.8852671384811401,0.9410997033119202,50,10,2762,83,4,NA,NA,"pure signal first try"
0.9248369634151459,0.9044930338859558,0.9451808929443359,50,6,2762,83,4,NA,NA,"pure signal first try"
0.933083713054657,0.9155569076538086,0.9506105184555054,50,5,2762,83,4,NA,NA,"pure signal first try"
0.9155840277671814,0.9004693627357483,0.9306986927986145,50,8,2762,83,4,NA,NA,"pure signal first try"
0.9188069701194763,0.9047921299934387,0.9328218102455139,50,7,2762,83,4,NA,NA,"pure signal first try"
0.933083713054657,0.9155569076538086,0.9506105184555054,50,5,2762,83,4,NA,NA,"pure signal first try"
0.9142867922782898,0.8943343162536621,0.9342392683029175,50,54,2762,83,4,NA,NA,"pure signal first try"
0.9248369634151459,0.9044930338859558,0.9451808929443359,50,6,2762,83,4,NA,NA,"pure signal first try"
0.9248369634151459,0.9044930338859558,0.9451808929443359,50,6,2762,83,4,NA,NA,"pure signal first try"
0.9129882752895355,0.8928750157356262,0.9331015348434448,50,9,2762,83,4,NA,NA,"pure signal first try"
0.9122559726238251,0.8956505060195923,0.9288614392280579,50,36,2762,83,4,NA,NA,"pure signal first try"
0.9188069701194763,0.9047921299934387,0.9328218102455139,50,7,2762,83,4,NA,NA,"pure signal first try"
0.933083713054657,0.9155569076538086,0.9506105184555054,50,5,2762,83,4,NA,NA,"pure signal first try"
0.933083713054657,0.9155569076538086,0.9506105184555054,50,5,2762,83,4,NA,NA,"pure signal first try"
0.9155840277671814,0.9004693627357483,0.9306986927986145,50,8,2762,83,4,NA,NA,"pure signal first try"
0.9248369634151459,0.9044930338859558,0.9451808929443359,50,6,2762,83,4,NA,NA,"pure signal first try"
0.933083713054657,0.9155569076538086,0.9506105184555054,50,5,2762,83,4,NA,NA,"pure signal first try"
0.9188069701194763,0.9047921299934387,0.9328218102455139,50,7,2762,83,4,NA,NA,"pure signal first try"
0.9248369634151459,0.9044930338859558,0.9451808929443359,50,6,2762,83,4,NA,NA,"pure signal first try"
0.933083713054657,0.9155569076538086,0.9506105184555054,50,5,2762,83,4,NA,NA,"pure signal first try"
0.9129882752895355,0.8928750157356262,0.9331015348434448,50,9,2762,83,4,NA,NA,"pure signal first try"
0.898318737745285,0.8651913404464722,0.9314461350440979,50,80,2762,83,4,NA,NA,"pure signal first try"
0.933083713054657,0.9155569076538086,0.9506105184555054,50,5,2762,83,4,NA,NA,"pure signal first try"
0.9188069701194763,0.9047921299934387,0.9328218102455139,50,7,2762,83,4,NA,NA,"pure signal first try"
0.9248369634151459,0.9044930338859558,0.9451808929443359,50,6,2762,83,4,NA,NA,"pure signal first try"
0.933083713054657,0.9155569076538086,0.9506105184555054,50,5,2762,83,4,NA,NA,"pure signal first try"
0.9155840277671814,0.9004693627357483,0.9306986927986145,50,8,2762,83,4,NA,NA,"pure signal first try"
0.933083713054657,0.9155569076538086,0.9506105184555054,50,5,2762,83,4,NA,NA,"pure signal first try"
0.9248369634151459,0.9044930338859558,0.9451808929443359,50,6,2762,83,4,NA,NA,"pure signal first try"
0.9188069701194763,0.9047921299934387,0.9328218102455139,50,7,2762,83,4,NA,NA,"pure signal first try"
0.9248369634151459,0.9044930338859558,0.9451808929443359,50,6,2762,83,4,NA,NA,"pure signal first try"
0.9169833958148956,0.8971505165100098,0.9368162751197815,50,11,2762,83,4,NA,NA,"pure signal first try"
0.933083713054657,0.9155569076538086,0.9506105184555054,50,5,2762,83,4,NA,NA,"pure signal first try"
0.933083713054657,0.9155569076538086,0.9506105184555054,50,5,2762,83,4,NA,NA,"pure signal first try"
0.9188069701194763,0.9047921299934387,0.9328218102455139,50,7,2762,83,4,NA,NA,"pure signal first try"
0.9248369634151459,0.9044930338859558,0.9451808929443359,50,6,2762,83,4,NA,NA,"pure signal first try"
0.9155840277671814,0.9004693627357483,0.9306986927986145,50,8,2762,83,4,NA,NA,"pure signal first try"
0.933083713054657,0.9155569076538086,0.9506105184555054,50,5,2762,83,4,NA,NA,"pure signal first try"
0.9188069701194763,0.9047921299934387,0.9328218102455139,50,7,2762,83,4,NA,NA,"pure signal first try"
0.9248369634151459,0.9044930338859558,0.9451808929443359,50,6,2762,83,4,NA,NA,"pure signal first try"
0.933083713054657,0.9155569076538086,0.9506105184555054,50,5,2762,83,4,NA,NA,"pure signal first try"
0.8491798639297485,0.7955776453018188,0.9027820825576782,50,1199,2762,83,4,NA,NA,"pure signal first try"
0.933083713054657,0.9155569076538086,0.9506105184555054,50,5,2762,83,4,NA,NA,"pure signal first try"
0.9248369634151459,0.9044930338859558,0.9451808929443359,50,6,2762,83,4,NA,NA,"pure signal first try"
0.933083713054657,0.9155569076538086,0.9506105184555054,50,5,2762,83,4,NA,NA,"pure signal first try"
0.9188069701194763,0.9047921299934387,0.9328218102455139,50,7,2762,83,4,NA,NA,"pure signal first try"
0.9248369634151459,0.9044930338859558,0.9451808929443359,50,6,2762,83,4,NA,NA,"pure signal first try"
0.8971879780292511,0.8741621971130371,0.9202137589454651,50,147,2762,83,4,NA,NA,"pure signal first try"
0.933083713054657,0.9155569076538086,0.9506105184555054,50,5,2762,83,4,NA,NA,"pure signal first try"
0.9155840277671814,0.9004693627357483,0.9306986927986145,50,8,2762,83,4,NA,NA,"pure signal first try"
0.9248369634151459,0.9044930338859558,0.9451808929443359,50,6,2762,83,4,NA,NA,"pure signal first try"
0.9248369634151459,0.9044930338859558,0.9451808929443359,50,6,2762,83,4,NA,NA,"pure signal first try"
0.933083713054657,0.9155569076538086,0.9506105184555054,50,5,2762,83,4,NA,NA,"pure signal first try"
0.933083713054657,0.9155569076538086,0.9506105184555054,50,5,2762,83,4,NA,NA,"pure signal first try"
0.933083713054657,0.9155569076538086,0.9506105184555054,50,5,2762,83,4,NA,NA,"pure signal first try"
0.9188069701194763,0.9047921299934387,0.9328218102455139,50,7,2762,83,4,NA,NA,"pure signal first try"
0.933083713054657,0.9155569076538086,0.9506105184555054,50,5,2762,83,4,NA,NA,"pure signal first try"
0.9248369634151459,0.9044930338859558,0.9451808929443359,50,6,2762,83,4,NA,NA,"pure signal first try"
0.8316300511360168,0.7608758807182312,0.9023842215538025,50,436,2762,83,4,NA,NA,"pure signal first try"
0.9188069701194763,0.9047921299934387,0.9328218102455139,50,7,2762,83,4,NA,NA,"pure signal first try"
0.9248369634151459,0.9044930338859558,0.9451808929443359,50,6,2762,83,4,NA,NA,"pure signal first try"
0.933083713054657,0.9155569076538086,0.9506105184555054,50,5,2762,83,4,NA,NA,"pure signal first try"
0.933083713054657,0.9155569076538086,0.9506105184555054,50,5,2762,83,4,NA,NA,"pure signal first try"
0.9248369634151459,0.9044930338859558,0.9451808929443359,50,6,2762,83,4,NA,NA,"pure signal first try"
0.933083713054657,0.9155569076538086,0.9506105184555054,50,5,2762,83,4,NA,NA,"pure signal first try"
0.9188069701194763,0.9047921299934387,0.9328218102455139,50,7,2762,83,4,NA,NA,"pure signal first try"
0.9149858951568604,0.891202449798584,0.9387693405151367,50,26,2762,83,4,NA,NA,"pure signal first try"
0.9248369634151459,0.9044930338859558,0.9451808929443359,50,6,2762,83,4,NA,NA,"pure signal first try"
0.933083713054657,0.9155569076538086,0.9506105184555054,50,5,2762,83,4,NA,NA,"pure signal first try"
0.9155840277671814,0.9004693627357483,0.9306986927986145,50,8,2762,83,4,NA,NA,"pure signal first try"
0.9248369634151459,0.9044930338859558,0.9451808929443359,50,6,2762,83,4,NA,NA,"pure signal first try"
0.933083713054657,0.9155569076538086,0.9506105184555054,50,5,2762,83,4,NA,NA,"pure signal first try"
0.933083713054657,0.9155569076538086,0.9506105184555054,50,5,2762,83,4,NA,NA,"pure signal first try"
0.9248369634151459,0.9044930338859558,0.9451808929443359,50,6,2762,83,4,NA,NA,"pure signal first try"
0.9188069701194763,0.9047921299934387,0.9328218102455139,50,7,2762,83,4,NA,NA,"pure signal first try"
0.933083713054657,0.9155569076538086,0.9506105184555054,50,5,2762,83,4,NA,NA,"pure signal first try"
0.9248369634151459,0.9044930338859558,0.9451808929443359,50,6,2762,83,4,NA,NA,"pure signal first try"
0.933083713054657,0.9155569076538086,0.9506105184555054,50,5,2762,83,4,NA,NA,"pure signal first try"
0.9188069701194763,0.9047921299934387,0.9328218102455139,50,7,2762,83,4,NA,NA,"pure signal first try"
0.9248369634151459,0.9044930338859558,0.9451808929443359,50,6,2762,83,4,NA,NA,"pure signal first try"
0.933083713054657,0.9155569076538086,0.9506105184555054,50,5,2762,83,4,NA,NA,"pure signal first try"
0.933083713054657,0.9155569076538086,0.9506105184555054,50,5,2762,83,4,NA,NA,"pure signal first try"
0.9248369634151459,0.9044930338859558,0.9451808929443359,50,6,2762,83,4,NA,NA,"pure signal first try"
0.933083713054657,0.9155569076538086,0.9506105184555054,50,5,2762,83,4,NA,NA,"pure signal first try"
0.9248369634151459,0.9044930338859558,0.9451808929443359,50,6,2762,83,4,NA,NA,"pure signal first try"
0.933083713054657,0.9155569076538086,0.9506105184555054,50,5,2762,83,4,NA,NA,"pure signal first try"
0.9248369634151459,0.9044930338859558,0.9451808929443359,50,6,2762,83,4,NA,NA,"pure signal first try"
0.9188069701194763,0.9047921299934387,0.9328218102455139,50,7,2762,83,4,NA,NA,"pure signal first try"
0.933083713054657,0.9155569076538086,0.9506105184555054,50,5,2762,83,4,NA,NA,"pure signal first try"
0.9129882752895355,0.8928750157356262,0.9331015348434448,50,9,2762,83,4,NA,NA,"pure signal first try"
0.933083713054657,0.9155569076538086,0.9506105184555054,50,5,2762,83,4,NA,NA,"pure signal first try"
0.9188069701194763,0.9047921299934387,0.9328218102455139,50,7,2762,83,4,NA,NA,"pure signal first try"
0.933083713054657,0.9155569076538086,0.9506105184555054,50,5,2762,83,4,NA,NA,"pure signal first try"
0.933083713054657,0.9155569076538086,0.9506105184555054,50,5,2762,83,4,NA,NA,"pure signal first try"
0.9248369634151459,0.9044930338859558,0.9451808929443359,50,6,2762,83,4,NA,NA,"pure signal first try"
0.9248369634151459,0.9044930338859558,0.9451808929443359,50,6,2762,83,4,NA,NA,"pure signal first try"
0.933083713054657,0.9155569076538086,0.9506105184555054,50,5,2762,83,4,NA,NA,"pure signal first try"
0.9188069701194763,0.9047921299934387,0.9328218102455139,50,7,2762,83,4,NA,NA,"pure signal first try"
0.933083713054657,0.9155569076538086,0.9506105184555054,50,5,2762,83,4,NA,NA,"pure signal first try"
0.9248369634151459,0.9044930338859558,0.9451808929443359,50,6,2762,83,4,NA,NA,"pure signal first try"
0.9248369634151459,0.9044930338859558,0.9451808929443359,50,6,2762,83,4,NA,NA,"pure signal first try"
0.9155840277671814,0.9004693627357483,0.9306986927986145,50,8,2762,83,4,NA,NA,"pure signal first try"
0.933083713054657,0.9155569076538086,0.9506105184555054,50,5,2762,83,4,NA,NA,"pure signal first try"
0.933083713054657,0.9155569076538086,0.9506105184555054,50,5,2762,83,4,NA,NA,"pure signal first try"
0.933083713054657,0.9155569076538086,0.9506105184555054,50,5,2762,83,4,NA,NA,"pure signal first try"
0.9248369634151459,0.9044930338859558,0.9451808929443359,50,6,2762,83,4,NA,NA,"pure signal first try"
0.933083713054657,0.9155569076538086,0.9506105184555054,50,5,2762,83,4,NA,NA,"pure signal first try"
0.9248369634151459,0.9044930338859558,0.9451808929443359,50,6,2762,83,4,NA,NA,"pure signal first try"
0.8600455224514008,0.8022285103797913,0.9178625345230103,50,271,2762,83,4,NA,NA,"pure signal first try"
0.933083713054657,0.9155569076538086,0.9506105184555054,50,5,2762,83,4,NA,NA,"pure signal first try"
0.9188069701194763,0.9047921299934387,0.9328218102455139,50,7,2762,83,4,NA,NA,"pure signal first try"
0.9248369634151459,0.9044930338859558,0.9451808929443359,50,6,2762,83,4,NA,NA,"pure signal first try"
0.933083713054657,0.9155569076538086,0.9506105184555054,50,5,2762,83,4,NA,NA,"pure signal first try"
0.933083713054657,0.9155569076538086,0.9506105184555054,50,5,2762,83,4,NA,NA,"pure signal first try"
0.933083713054657,0.9155569076538086,0.9506105184555054,50,5,2762,83,4,NA,NA,"pure signal first try"
0.9248369634151459,0.9044930338859558,0.9451808929443359,50,6,2762,83,4,NA,NA,"pure signal first try"
0.933083713054657,0.9155569076538086,0.9506105184555054,50,5,2762,83,4,NA,NA,"pure signal first try"
0.9248369634151459,0.9044930338859558,0.9451808929443359,50,6,2762,83,4,NA,NA,"pure signal first try"
0.933083713054657,0.9155569076538086,0.9506105184555054,50,5,2762,83,4,NA,NA,"pure signal first try"
0.9188069701194763,0.9047921299934387,0.9328218102455139,50,7,2762,83,4,NA,NA,"pure signal first try"
0.9248369634151459,0.9044930338859558,0.9451808929443359,50,6,2762,83,4,NA,NA,"pure signal first try"
0.933083713054657,0.9155569076538086,0.9506105184555054,50,5,2762,83,4,NA,NA,"pure signal first try"
0.933083713054657,0.9155569076538086,0.9506105184555054,50,5,2762,83,4,NA,NA,"pure signal first try"
0.933083713054657,0.9155569076538086,0.9506105184555054,50,5,2762,83,4,NA,NA,"pure signal first try"
0.9084320366382599,0.8876975774765015,0.9291664958000183,50,47,2762,83,4,NA,NA,"pure signal first try"
0.9248369634151459,0.9044930338859558,0.9451808929443359,50,6,2762,83,4,NA,NA,"pure signal first try"
0.933083713054657,0.9155569076538086,0.9506105184555054,50,5,2762,83,4,NA,NA,"pure signal first try"
0.9248369634151459,0.9044930338859558,0.9451808929443359,50,6,2762,83,4,NA,NA,"pure signal first try"
0.933083713054657,0.9155569076538086,0.9506105184555054,50,5,2762,83,4,NA,NA,"pure signal first try"
0.8418803215026855,0.7804304361343384,0.9033302068710327,50,598,2762,83,4,NA,NA,"pure signal first try"
0.9248369634151459,0.9044930338859558,0.9451808929443359,50,6,2762,83,4,NA,NA,"pure signal first try"
0.933083713054657,0.9155569076538086,0.9506105184555054,50,5,2762,83,4,NA,NA,"pure signal first try"
0.933083713054657,0.9155569076538086,0.9506105184555054,50,5,2762,83,4,NA,NA,"pure signal first try"
0.933083713054657,0.9155569076538086,0.9506105184555054,50,5,2762,83,4,NA,NA,"pure signal first try"
0.9248369634151459,0.9044930338859558,0.9451808929443359,50,6,2762,83,4,NA,NA,"pure signal first try"
0.8987618684768677,0.8714311122894287,0.9260926246643066,50,77,2762,83,4,NA,NA,"pure signal first try"
0.933083713054657,0.9155569076538086,0.9506105184555054,50,5,2762,83,4,NA,NA,"pure signal first try"
0.9248369634151459,0.9044930338859558,0.9451808929443359,50,6,2762,83,4,NA,NA,"pure signal first try"
0.9188069701194763,0.9047921299934387,0.9328218102455139,50,7,2762,83,4,NA,NA,"pure signal first try"
0.933083713054657,0.9155569076538086,0.9506105184555054,50,5,2762,83,4,NA,NA,"pure signal first try"
0.9248369634151459,0.9044930338859558,0.9451808929443359,50,6,2762,83,4,NA,NA,"pure signal first try"
0.933083713054657,0.9155569076538086,0.9506105184555054,50,5,2762,83,4,NA,NA,"pure signal first try"
0.933083713054657,0.9155569076538086,0.9506105184555054,50,5,2762,83,4,NA,NA,"pure signal first try"
0.933083713054657,0.9155569076538086,0.9506105184555054,50,5,2762,83,4,NA,NA,"pure signal first try"
0.9248369634151459,0.9044930338859558,0.9451808929443359,50,6,2762,83,4,NA,NA,"pure signal first try"
0.933083713054657,0.9155569076538086,0.9506105184555054,50,5,2762,83,4,NA,NA,"pure signal first try"
0.8318834900856018,0.760442316532135,0.9033246636390686,50,1127,2762,83,4,NA,NA,"pure signal first try"
0.9248369634151459,0.9044930338859558,0.9451808929443359,50,6,2762,83,4,NA,NA,"pure signal first try"
0.933083713054657,0.9155569076538086,0.9506105184555054,50,5,2762,83,4,NA,NA,"pure signal first try"
0.933083713054657,0.9155569076538086,0.9506105184555054,50,5,2762,83,4,NA,NA,"pure signal first try"
0.9188069701194763,0.9047921299934387,0.9328218102455139,50,7,2762,83,4,NA,NA,"pure signal first try"
0.9248369634151459,0.9044930338859558,0.9451808929443359,50,6,2762,83,4,NA,NA,"pure signal first try"
0.9248369634151459,0.9044930338859558,0.9451808929443359,50,6,2762,83,4,NA,NA,"pure signal first try"
0.933083713054657,0.9155569076538086,0.9506105184555054,50,5,2762,83,4,NA,NA,"pure signal first try"
0.933083713054657,0.9155569076538086,0.9506105184555054,50,5,2762,83,4,NA,NA,"pure signal first try"
0.9248369634151459,0.9044930338859558,0.9451808929443359,50,6,2762,83,4,NA,NA,"pure signal first try"
0.933083713054657,0.9155569076538086,0.9506105184555054,50,5,2762,83,4,NA,NA,"pure signal first try"
0.9188069701194763,0.9047921299934387,0.9328218102455139,50,7,2762,83,4,NA,NA,"pure signal first try"
0.933083713054657,0.9155569076538086,0.9506105184555054,50,5,2762,83,4,NA,NA,"pure signal first try"
0.9248369634151459,0.9044930338859558,0.9451808929443359,50,6,2762,83,4,NA,NA,"pure signal first try"
0.9188069701194763,0.9047921299934387,0.9328218102455139,50,7,2762,83,4,NA,NA,"pure signal first try"
0.933083713054657,0.9155569076538086,0.9506105184555054,50,5,2762,83,4,NA,NA,"pure signal first try"
0.8833316266536713,0.8434077501296997,0.9232555031776428,50,182,2762,83,4,NA,NA,"pure signal first try"
0.9248369634151459,0.9044930338859558,0.9451808929443359,50,6,2762,83,4,NA,NA,"pure signal first try"
0.933083713054657,0.9155569076538086,0.9506105184555054,50,5,2762,83,4,NA,NA,"pure signal first try"
0.9248369634151459,0.9044930338859558,0.9451808929443359,50,6,2762,83,4,NA,NA,"pure signal first try"
0.9153410494327545,0.8937702775001526,0.9369118213653564,50,17,2762,83,4,NA,NA,"pure signal first try"
0.933083713054657,0.9155569076538086,0.9506105184555054,50,5,2762,83,4,NA,NA,"pure signal first try"
0.9248369634151459,0.9044930338859558,0.9451808929443359,50,6,2762,83,4,NA,NA,"pure signal first try"
0.933083713054657,0.9155569076538086,0.9506105184555054,50,5,2762,83,4,NA,NA,"pure signal first try"
0.9248369634151459,0.9044930338859558,0.9451808929443359,50,6,2762,83,4,NA,NA,"pure signal first try"
0.9188069701194763,0.9047921299934387,0.9328218102455139,50,7,2762,83,4,NA,NA,"pure signal first try"
0.933083713054657,0.9155569076538086,0.9506105184555054,50,5,2762,83,4,NA,NA,"pure signal first try"
0.9155840277671814,0.9004693627357483,0.9306986927986145,50,8,2762,83,4,NA,NA,"pure signal first try"
0.933083713054657,0.9155569076538086,0.9506105184555054,50,5,2762,83,4,NA,NA,"pure signal first try"
0.9248369634151459,0.9044930338859558,0.9451808929443359,50,6,2762,83,4,NA,NA,"pure signal first try"
0.933083713054657,0.9155569076538086,0.9506105184555054,50,5,2762,83,4,NA,NA,"pure signal first try"
0.9188069701194763,0.9047921299934387,0.9328218102455139,50,7,2762,83,4,NA,NA,"pure signal first try"
0.9248369634151459,0.9044930338859558,0.9451808929443359,50,6,2762,83,4,NA,NA,"pure signal first try"
0.933083713054657,0.9155569076538086,0.9506105184555054,50,5,2762,83,4,NA,NA,"pure signal first try"
0.9135275781154633,0.8912126421928406,0.9358425140380859,50,34,2762,83,4,NA,NA,"pure signal first try"
0.933083713054657,0.9155569076538086,0.9506105184555054,50,5,2762,83,4,NA,NA,"pure signal first try"
0.9188069701194763,0.9047921299934387,0.9328218102455139,50,7,2762,83,4,NA,NA,"pure signal first try"
0.9248369634151459,0.9044930338859558,0.9451808929443359,50,6,2762,83,4,NA,NA,"pure signal first try"
0.9248369634151459,0.9044930338859558,0.9451808929443359,50,6,2762,83,4,NA,NA,"pure signal first try"
0.933083713054657,0.9155569076538086,0.9506105184555054,50,5,2762,83,4,NA,NA,"pure signal first try"
0.933083713054657,0.9155569076538086,0.9506105184555054,50,5,2762,83,4,NA,NA,"pure signal first try"
0.933083713054657,0.9155569076538086,0.9506105184555054,50,5,2762,83,4,NA,NA,"pure signal first try"
0.9248369634151459,0.9044930338859558,0.9451808929443359,50,6,2762,83,4,NA,NA,"pure signal first try"
0.8482395708560944,0.7899799346923828,0.9064992070198059,50,2366,2762,83,4,NA,NA,"pure signal first try"
0.9155840277671814,0.9004693627357483,0.9306986927986145,50,8,2762,83,4,NA,NA,"pure signal first try"
0.9150799512863159,0.8888251185417175,0.9413347840309143,50,20,2762,83,4,NA,NA,"pure signal first try"
0.9188069701194763,0.9047921299934387,0.9328218102455139,50,7,2762,83,4,NA,NA,"pure signal first try"
0.9248369634151459,0.9044930338859558,0.9451808929443359,50,6,2762,83,4,NA,NA,"pure signal first try"
0.933083713054657,0.9155569076538086,0.9506105184555054,50,5,2762,83,4,NA,NA,"pure signal first try"
0.933083713054657,0.9155569076538086,0.9506105184555054,50,5,2762,83,4,NA,NA,"pure signal first try"
0.9248369634151459,0.9044930338859558,0.9451808929443359,50,6,2762,83,4,NA,NA,"pure signal first try"
0.933083713054657,0.9155569076538086,0.9506105184555054,50,5,2762,83,4,NA,NA,"pure signal first try"
0.933083713054657,0.9155569076538086,0.9506105184555054,50,5,2762,83,4,NA,NA,"pure signal first try"
0.9248369634151459,0.9044930338859558,0.9451808929443359,50,6,2762,83,4,NA,NA,"pure signal first try"
0.9188069701194763,0.9047921299934387,0.9328218102455139,50,7,2762,83,4,NA,NA,"pure signal first try"
0.9248369634151459,0.9044930338859558,0.9451808929443359,50,6,2762,83,4,NA,NA,"pure signal first try"
0.933083713054657,0.9155569076538086,0.9506105184555054,50,5,2762,83,4,NA,NA,"pure signal first try"
0.933083713054657,0.9155569076538086,0.9506105184555054,50,5,2762,83,4,NA,NA,"pure signal first try"
0.9248369634151459,0.9044930338859558,0.9451808929443359,50,6,2762,83,4,NA,NA,"pure signal first try"
0.933083713054657,0.9155569076538086,0.9506105184555054,50,5,2762,83,4,NA,NA,"pure signal first try"
0.9188069701194763,0.9047921299934387,0.9328218102455139,50,7,2762,83,4,NA,NA,"pure signal first try"
0.9248369634151459,0.9044930338859558,0.9451808929443359,50,6,2762,83,4,NA,NA,"pure signal first try"
0.933083713054657,0.9155569076538086,0.9506105184555054,50,5,2762,83,4,NA,NA,"pure signal first try"
0.933083713054657,0.9155569076538086,0.9506105184555054,50,5,2762,83,4,NA,NA,"pure signal first try"
0.8512942492961884,0.7922029495239258,0.9103855490684509,50,355,2762,83,4,NA,NA,"pure signal first try"
0.9248369634151459,0.9044930338859558,0.9451808929443359,50,6,2762,83,4,NA,NA,"pure signal first try"
0.9155840277671814,0.9004693627357483,0.9306986927986145,50,8,2762,83,4,NA,NA,"pure signal first try"
0.933083713054657,0.9155569076538086,0.9506105184555054,50,5,2762,83,4,NA,NA,"pure signal first try"
0.8987635970115662,0.872378945350647,0.9251482486724854,50,128,2762,83,4,NA,NA,"pure signal first try"
0.9188069701194763,0.9047921299934387,0.9328218102455139,50,7,2762,83,4,NA,NA,"pure signal first try"
0.9248369634151459,0.9044930338859558,0.9451808929443359,50,6,2762,83,4,NA,NA,"pure signal first try"
0.933083713054657,0.9155569076538086,0.9506105184555054,50,5,2762,83,4,NA,NA,"pure signal first try"
0.9248369634151459,0.9044930338859558,0.9451808929443359,50,6,2762,83,4,NA,NA,"pure signal first try"
0.933083713054657,0.9155569076538086,0.9506105184555054,50,5,2762,83,4,NA,NA,"pure signal first try"
0.9248369634151459,0.9044930338859558,0.9451808929443359,50,6,2762,83,4,NA,NA,"pure signal first try"
0.9188069701194763,0.9047921299934387,0.9328218102455139,50,7,2762,83,4,NA,NA,"pure signal first try"
0.933083713054657,0.9155569076538086,0.9506105184555054,50,5,2762,83,4,NA,NA,"pure signal first try"
0.933083713054657,0.9155569076538086,0.9506105184555054,50,5,2762,83,4,NA,NA,"pure signal first try"
0.9248369634151459,0.9044930338859558,0.9451808929443359,50,6,2762,83,4,NA,NA,"pure signal first try"
0.933083713054657,0.9155569076538086,0.9506105184555054,50,5,2762,83,4,NA,NA,"pure signal first try"
0.9188069701194763,0.9047921299934387,0.9328218102455139,50,7,2762,83,4,NA,NA,"pure signal first try"
0.933083713054657,0.9155569076538086,0.9506105184555054,50,5,2762,83,4,NA,NA,"pure signal first try"
0.9248369634151459,0.9044930338859558,0.9451808929443359,50,6,2762,83,4,NA,NA,"pure signal first try"
0.933083713054657,0.9155569076538086,0.9506105184555054,50,5,2762,83,4,NA,NA,"pure signal first try"
0.9048098027706146,0.8849601745605469,0.9246594309806824,50,95,2762,83,4,NA,NA,"pure signal first try"
0.9248369634151459,0.9044930338859558,0.9451808929443359,50,6,2762,83,4,NA,NA,"pure signal first try"
0.9080117642879486,0.8778946399688721,0.9381288886070251,50,67,2762,83,4,NA,NA,"pure signal first try"
0.933083713054657,0.9155569076538086,0.9506105184555054,50,5,2762,83,4,NA,NA,"pure signal first try"
0.9248369634151459,0.9044930338859558,0.9451808929443359,50,6,2762,83,4,NA,NA,"pure signal first try"
0.9188069701194763,0.9047921299934387,0.9328218102455139,50,7,2762,83,4,NA,NA,"pure signal first try"
0.933083713054657,0.9155569076538086,0.9506105184555054,50,5,2762,83,4,NA,NA,"pure signal first try"
0.9248369634151459,0.9044930338859558,0.9451808929443359,50,6,2762,83,4,NA,NA,"pure signal first try"
0.933083713054657,0.9155569076538086,0.9506105184555054,50,5,2762,83,4,NA,NA,"pure signal first try"
0.9149858951568604,0.891202449798584,0.9387693405151367,50,26,2762,83,4,NA,NA,"pure signal first try"
0.933083713054657,0.9155569076538086,0.9506105184555054,50,5,2762,83,4,NA,NA,"pure signal first try"
0.9155840277671814,0.9004693627357483,0.9306986927986145,50,8,2762,83,4,NA,NA,"pure signal first try"
0.9248369634151459,0.9044930338859558,0.9451808929443359,50,6,2762,83,4,NA,NA,"pure signal first try"
0.933083713054657,0.9155569076538086,0.9506105184555054,50,5,2762,83,4,NA,NA,"pure signal first try"
0.9188069701194763,0.9047921299934387,0.9328218102455139,50,7,2762,83,4,NA,NA,"pure signal first try"
0.8460935354232788,0.7857001423835754,0.9064869284629822,50,855,2762,83,4,NA,NA,"pure signal first try"
0.9248369634151459,0.9044930338859558,0.9451808929443359,50,6,2762,83,4,NA,NA,"pure signal first try"
0.933083713054657,0.9155569076538086,0.9506105184555054,50,5,2762,83,4,NA,NA,"pure signal first try"
0.9248369634151459,0.9044930338859558,0.9451808929443359,50,6,2762,83,4,NA,NA,"pure signal first try"
0.933083713054657,0.9155569076538086,0.9506105184555054,50,5,2762,83,4,NA,NA,"pure signal first try"
0.9188069701194763,0.9047921299934387,0.9328218102455139,50,7,2762,83,4,NA,NA,"pure signal first try"
0.933083713054657,0.9155569076538086,0.9506105184555054,50,5,2762,83,4,NA,NA,"pure signal first try"
0.9248369634151459,0.9044930338859558,0.9451808929443359,50,6,2762,83,4,NA,NA,"pure signal first try"
0.8431108593940735,0.7841975688934326,0.9020241498947144,50,1590,2762,83,4,NA,NA,"pure signal first try"
0.933083713054657,0.9155569076538086,0.9506105184555054,50,5,2762,83,4,NA,NA,"pure signal first try"
0.9170410931110382,0.8964204788208008,0.9376617074012756,50,15,2762,83,4,NA,NA,"pure signal first try"
0.9188069701194763,0.9047921299934387,0.9328218102455139,50,7,2762,83,4,NA,NA,"pure signal first try"
0.9248369634151459,0.9044930338859558,0.9451808929443359,50,6,2762,83,4,NA,NA,"pure signal first try"
0.933083713054657,0.9155569076538086,0.9506105184555054,50,5,2762,83,4,NA,NA,"pure signal first try"
0.9248369634151459,0.9044930338859558,0.9451808929443359,50,6,2762,83,4,NA,NA,"pure signal first try"
0.933083713054657,0.9155569076538086,0.9506105184555054,50,5,2762,83,4,NA,NA,"pure signal first try"
0.9248369634151459,0.9044930338859558,0.9451808929443359,50,6,2762,83,4,NA,NA,"pure signal first try"
0.933083713054657,0.9155569076538086,0.9506105184555054,50,5,2762,83,4,NA,NA,"pure signal first try"
0.933083713054657,0.9155569076538086,0.9506105184555054,50,5,2762,83,4,NA,NA,"pure signal first try"
0.9155840277671814,0.9004693627357483,0.9306986927986145,50,8,2762,83,4,NA,NA,"pure signal first try"
0.9248369634151459,0.9044930338859558,0.9451808929443359,50,6,2762,83,4,NA,NA,"pure signal first try"
0.933083713054657,0.9155569076538086,0.9506105184555054,50,5,2762,83,4,NA,NA,"pure signal first try"
0.9248369634151459,0.9044930338859558,0.9451808929443359,50,6,2762,83,4,NA,NA,"pure signal first try"
0.9188069701194763,0.9047921299934387,0.9328218102455139,50,7,2762,83,4,NA,NA,"pure signal first try"
0.9057128131389618,0.8756033182144165,0.9358223080635071,50,46,2762,83,4,NA,NA,"pure signal first try"
0.933083713054657,0.9155569076538086,0.9506105184555054,50,5,2762,83,4,NA,NA,"pure signal first try"
0.9129882752895355,0.8928750157356262,0.9331015348434448,50,9,2762,83,4,NA,NA,"pure signal first try"
0.9188069701194763,0.9047921299934387,0.9328218102455139,50,7,2762,83,4,NA,NA,"pure signal first try"
0.9248369634151459,0.9044930338859558,0.9451808929443359,50,6,2762,83,4,NA,NA,"pure signal first try"
0.933083713054657,0.9155569076538086,0.9506105184555054,50,5,2762,83,4,NA,NA,"pure signal first try"
0.933083713054657,0.9155569076538086,0.9506105184555054,50,5,2762,83,4,NA,NA,"pure signal first try"
0.9248369634151459,0.9044930338859558,0.9451808929443359,50,6,2762,83,4,NA,NA,"pure signal first try"
0.933083713054657,0.9155569076538086,0.9506105184555054,50,5,2762,83,4,NA,NA,"pure signal first try"
0.9248369634151459,0.9044930338859558,0.9451808929443359,50,6,2762,83,4,NA,NA,"pure signal first try"
0.933083713054657,0.9155569076538086,0.9506105184555054,50,5,2762,83,4,NA,NA,"pure signal first try"
0.9248369634151459,0.9044930338859558,0.9451808929443359,50,6,2762,83,4,NA,NA,"pure signal first try"
0.9188069701194763,0.9047921299934387,0.9328218102455139,50,7,2762,83,4,NA,NA,"pure signal first try"
0.933083713054657,0.9155569076538086,0.9506105184555054,50,5,2762,83,4,NA,NA,"pure signal first try"
0.9155840277671814,0.9004693627357483,0.9306986927986145,50,8,2762,83,4,NA,NA,"pure signal first try"
0.933083713054657,0.9155569076538086,0.9506105184555054,50,5,2762,83,4,NA,NA,"pure signal first try"
0.9248369634151459,0.9044930338859558,0.9451808929443359,50,6,2762,83,4,NA,NA,"pure signal first try"
0.933083713054657,0.9155569076538086,0.9506105184555054,50,5,2762,83,4,NA,NA,"pure signal first try"
0.933083713054657,0.9155569076538086,0.9506105184555054,50,5,2762,83,4,NA,NA,"pure signal first try"
0.9248369634151459,0.9044930338859558,0.9451808929443359,50,6,2762,83,4,NA,NA,"pure signal first try"
0.9188069701194763,0.9047921299934387,0.9328218102455139,50,7,2762,83,4,NA,NA,"pure signal first try"
0.9248369634151459,0.9044930338859558,0.9451808929443359,50,6,2762,83,4,NA,NA,"pure signal first try"
0.933083713054657,0.9155569076538086,0.9506105184555054,50,5,2762,83,4,NA,NA,"pure signal first try"
0.9248369634151459,0.9044930338859558,0.9451808929443359,50,6,2762,83,4,NA,NA,"pure signal first try"
0.933083713054657,0.9155569076538086,0.9506105184555054,50,5,2762,83,4,NA,NA,"pure signal first try"
0.933083713054657,0.9155569076538086,0.9506105184555054,50,5,2762,83,4,NA,NA,"pure signal first try"
0.9248369634151459,0.9044930338859558,0.9451808929443359,50,6,2762,83,4,NA,NA,"pure signal first try"
0.933083713054657,0.9155569076538086,0.9506105184555054,50,5,2762,83,4,NA,NA,"pure signal first try"
0.9188069701194763,0.9047921299934387,0.9328218102455139,50,7,2762,83,4,NA,NA,"pure signal first try"
0.933083713054657,0.9155569076538086,0.9506105184555054,50,5,2762,83,4,NA,NA,"pure signal first try"
0.9248369634151459,0.9044930338859558,0.9451808929443359,50,6,2762,83,4,NA,NA,"pure signal first try"
0.8788193166255951,0.8353717923164368,0.9222668409347534,50,203,2762,83,4,NA,NA,"pure signal first try"
0.9155840277671814,0.9004693627357483,0.9306986927986145,50,8,2762,83,4,NA,NA,"pure signal first try"
0.933083713054657,0.9155569076538086,0.9506105184555054,50,5,2762,83,4,NA,NA,"pure signal first try"
0.9188069701194763,0.9047921299934387,0.9328218102455139,50,7,2762,83,4,NA,NA,"pure signal first try"
0.9248369634151459,0.9044930338859558,0.9451808929443359,50,6,2762,83,4,NA,NA,"pure signal first try"
0.9035803377628326,0.87061607837677,0.9365445971488953,50,23,2762,83,4,NA,NA,"pure signal first try"
0.933083713054657,0.9155569076538086,0.9506105184555054,50,5,2762,83,4,NA,NA,"pure signal first try"
0.9104131460189819,0.8842660188674927,0.9365602731704712,50,56,2762,83,4,NA,NA,"pure signal first try"
0.9248369634151459,0.9044930338859558,0.9451808929443359,50,6,2762,83,4,NA,NA,"pure signal first try"
0.933083713054657,0.9155569076538086,0.9506105184555054,50,5,2762,83,4,NA,NA,"pure signal first try"
0.933083713054657,0.9155569076538086,0.9506105184555054,50,5,2762,83,4,NA,NA,"pure signal first try"
0.9248369634151459,0.9044930338859558,0.9451808929443359,50,6,2762,83,4,NA,NA,"pure signal first try"
0.9188069701194763,0.9047921299934387,0.9328218102455139,50,7,2762,83,4,NA,NA,"pure signal first try"
0.9248369634151459,0.9044930338859558,0.9451808929443359,50,6,2762,83,4,NA,NA,"pure signal first try"
0.933083713054657,0.9155569076538086,0.9506105184555054,50,5,2762,83,4,NA,NA,"pure signal first try"
0.933083713054657,0.9155569076538086,0.9506105184555054,50,5,2762,83,4,NA,NA,"pure signal first try"
0.9248369634151459,0.9044930338859558,0.9451808929443359,50,6,2762,83,4,NA,NA,"pure signal first try"
0.933083713054657,0.9155569076538086,0.9506105184555054,50,5,2762,83,4,NA,NA,"pure signal first try"
0.9188069701194763,0.9047921299934387,0.9328218102455139,50,7,2762,83,4,NA,NA,"pure signal first try"
0.933083713054657,0.9155569076538086,0.9506105184555054,50,5,2762,83,4,NA,NA,"pure signal first try"
0.9248369634151459,0.9044930338859558,0.9451808929443359,50,6,2762,83,4,NA,NA,"pure signal first try"
0.9077929556369781,0.8858059644699097,0.9297799468040466,50,31,2762,83,4,NA,NA,"pure signal first try"
0.933083713054657,0.9155569076538086,0.9506105184555054,50,5,2762,83,4,NA,NA,"pure signal first try"
0.9188069701194763,0.9047921299934387,0.9328218102455139,50,7,2762,83,4,NA,NA,"pure signal first try"
0.9248369634151459,0.9044930338859558,0.9451808929443359,50,6,2762,83,4,NA,NA,"pure signal first try"
0.933083713054657,0.9155569076538086,0.9506105184555054,50,5,2762,83,4,NA,NA,"pure signal first try"
0.933083713054657,0.9155569076538086,0.9506105184555054,50,5,2762,83,4,NA,NA,"pure signal first try"
0.9248369634151459,0.9044930338859558,0.9451808929443359,50,6,2762,83,4,NA,NA,"pure signal first try"
0.933083713054657,0.9155569076538086,0.9506105184555054,50,5,2762,83,4,NA,NA,"pure signal first try"
0.9248369634151459,0.9044930338859558,0.9451808929443359,50,6,2762,83,4,NA,NA,"pure signal first try"
0.9155840277671814,0.9004693627357483,0.9306986927986145,50,8,2762,83,4,NA,NA,"pure signal first try"
0.9248369634151459,0.9044930338859558,0.9451808929443359,50,6,2762,83,4,NA,NA,"pure signal first try"
0.933083713054657,0.9155569076538086,0.9506105184555054,50,5,2762,83,4,NA,NA,"pure signal first try"
0.9188069701194763,0.9047921299934387,0.9328218102455139,50,7,2762,83,4,NA,NA,"pure signal first try"
0.933083713054657,0.9155569076538086,0.9506105184555054,50,5,2762,83,4,NA,NA,"pure signal first try"
0.9129882752895355,0.8928750157356262,0.9331015348434448,50,9,2762,83,4,NA,NA,"pure signal first try"
0.9013277292251587,0.886463463306427,0.9161919951438904,50,146,2762,83,4,NA,NA,"pure signal first try"
0.8468161225318909,0.7915155291557312,0.9021167159080505,50,1963,2762,83,4,NA,NA,"pure signal first try"
0.933083713054657,0.9155569076538086,0.9506105184555054,50,5,2762,83,4,NA,NA,"pure signal first try"
0.8667363226413727,0.8201940655708313,0.9132785797119141,50,261,2762,83,4,NA,NA,"pure signal first try"
0.9248369634151459,0.9044930338859558,0.9451808929443359,50,6,2762,83,4,NA,NA,"pure signal first try"
0.9248369634151459,0.9044930338859558,0.9451808929443359,50,6,2762,83,4,NA,NA,"pure signal first try"
0.933083713054657,0.9155569076538086,0.9506105184555054,50,5,2762,83,4,NA,NA,"pure signal first try"
0.9222703278064728,0.8993039131164551,0.9452367424964905,50,12,2762,83,4,NA,NA,"pure signal first try"
0.9188069701194763,0.9047921299934387,0.9328218102455139,50,7,2762,83,4,NA,NA,"pure signal first try"
0.933083713054657,0.9155569076538086,0.9506105184555054,50,5,2762,83,4,NA,NA,"pure signal first try"
0.9248369634151459,0.9044930338859558,0.9451808929443359,50,6,2762,83,4,NA,NA,"pure signal first try"
0.933083713054657,0.9155569076538086,0.9506105184555054,50,5,2762,83,4,NA,NA,"pure signal first try"
0.9248369634151459,0.9044930338859558,0.9451808929443359,50,6,2762,83,4,NA,NA,"pure signal first try"
0.933083713054657,0.9155569076538086,0.9506105184555054,50,5,2762,83,4,NA,NA,"pure signal first try"
0.9188069701194763,0.9047921299934387,0.9328218102455139,50,7,2762,83,4,NA,NA,"pure signal first try"
0.9248369634151459,0.9044930338859558,0.9451808929443359,50,6,2762,83,4,NA,NA,"pure signal first try"
0.9155840277671814,0.9004693627357483,0.9306986927986145,50,8,2762,83,4,NA,NA,"pure signal first try"
0.933083713054657,0.9155569076538086,0.9506105184555054,50,5,2762,83,4,NA,NA,"pure signal first try"
0.933083713054657,0.9155569076538086,0.9506105184555054,50,5,2762,83,4,NA,NA,"pure signal first try"
0.9248369634151459,0.9044930338859558,0.9451808929443359,50,6,2762,83,4,NA,NA,"pure signal first try"
0.9049553871154785,0.877850353717804,0.9320604205131531,50,40,2762,83,4,NA,NA,"pure signal first try"
0.933083713054657,0.9155569076538086,0.9506105184555054,50,5,2762,83,4,NA,NA,"pure signal first try"
0.9248369634151459,0.9044930338859558,0.9451808929443359,50,6,2762,83,4,NA,NA,"pure signal first try"
0.8397045731544495,0.7736315727233887,0.9057775735855103,50,479,2762,83,4,NA,NA,"pure signal first try"
0.933083713054657,0.9155569076538086,0.9506105184555054,50,5,2762,83,4,NA,NA,"pure signal first try"
0.9188069701194763,0.9047921299934387,0.9328218102455139,50,7,2762,83,4,NA,NA,"pure signal first try"
0.933083713054657,0.9155569076538086,0.9506105184555054,50,5,2762,83,4,NA,NA,"pure signal first try"
0.9248369634151459,0.9044930338859558,0.9451808929443359,50,6,2762,83,4,NA,NA,"pure signal first try"
0.933083713054657,0.9155569076538086,0.9506105184555054,50,5,2762,83,4,NA,NA,"pure signal first try"
0.9248369634151459,0.9044930338859558,0.9451808929443359,50,6,2762,83,4,NA,NA,"pure signal first try"
0.9188069701194763,0.9047921299934387,0.9328218102455139,50,7,2762,83,4,NA,NA,"pure signal first try"
0.933083713054657,0.9155569076538086,0.9506105184555054,50,5,2762,83,4,NA,NA,"pure signal first try"
0.9155840277671814,0.9004693627357483,0.9306986927986145,50,8,2762,83,4,NA,NA,"pure signal first try"
0.9248369634151459,0.9044930338859558,0.9451808929443359,50,6,2762,83,4,NA,NA,"pure signal first try"
0.933083713054657,0.9155569076538086,0.9506105184555054,50,5,2762,83,4,NA,NA,"pure signal first try"
0.9188069701194763,0.9047921299934387,0.9328218102455139,50,7,2762,83,4,NA,NA,"pure signal first try"
0.933083713054657,0.9155569076538086,0.9506105184555054,50,5,2762,83,4,NA,NA,"pure signal first try"
0.9248369634151459,0.9044930338859558,0.9451808929443359,50,6,2762,83,4,NA,NA,"pure signal first try"
0.933083713054657,0.9155569076538086,0.9506105184555054,50,5,2762,83,4,NA,NA,"pure signal first try"
0.9248369634151459,0.9044930338859558,0.9451808929443359,50,6,2762,83,4,NA,NA,"pure signal first try"
0.933083713054657,0.9155569076538086,0.9506105184555054,50,5,2762,83,4,NA,NA,"pure signal first try"
0.9248369634151459,0.9044930338859558,0.9451808929443359,50,6,2762,83,4,NA,NA,"pure signal first try"
0.9131834208965302,0.8852671384811401,0.9410997033119202,50,10,2762,83,4,NA,NA,"pure signal first try"
0.933083713054657,0.9155569076538086,0.9506105184555054,50,5,2762,83,4,NA,NA,"pure signal first try"
0.9188069701194763,0.9047921299934387,0.9328218102455139,50,7,2762,83,4,NA,NA,"pure signal first try"
0.9248369634151459,0.9044930338859558,0.9451808929443359,50,6,2762,83,4,NA,NA,"pure signal first try"
0.933083713054657,0.9155569076538086,0.9506105184555054,50,5,2762,83,4,NA,NA,"pure signal first try"
0.933083713054657,0.9155569076538086,0.9506105184555054,50,5,2762,83,4,NA,NA,"pure signal first try"
0.9248369634151459,0.9044930338859558,0.9451808929443359,50,6,2762,83,4,NA,NA,"pure signal first try"
0.8554617464542389,0.799870491027832,0.9110530018806458,50,371,2762,83,4,NA,NA,"pure signal first try"
0.933083713054657,0.9155569076538086,0.9506105184555054,50,5,2762,83,4,NA,NA,"pure signal first try"
0.9248369634151459,0.9044930338859558,0.9451808929443359,50,6,2762,83,4,NA,NA,"pure signal first try"
0.9188069701194763,0.9047921299934387,0.9328218102455139,50,7,2762,83,4,NA,NA,"pure signal first try"
0.933083713054657,0.9155569076538086,0.9506105184555054,50,5,2762,83,4,NA,NA,"pure signal first try"
0.933083713054657,0.9155569076538086,0.9506105184555054,50,5,2762,83,4,NA,NA,"pure signal first try"
0.9248369634151459,0.9044930338859558,0.9451808929443359,50,6,2762,83,4,NA,NA,"pure signal first try"
0.9248369634151459,0.9044930338859558,0.9451808929443359,50,6,2762,83,4,NA,NA,"pure signal first try"
0.933083713054657,0.9155569076538086,0.9506105184555054,50,5,2762,83,4,NA,NA,"pure signal first try"
0.933083713054657,0.9155569076538086,0.9506105184555054,50,5,2762,83,4,NA,NA,"pure signal first try"
0.9188069701194763,0.9047921299934387,0.9328218102455139,50,7,2762,83,4,NA,NA,"pure signal first try"
0.9068571925163269,0.88237464427948,0.9313397407531738,50,86,2762,83,4,NA,NA,"pure signal first try"
0.9155840277671814,0.9004693627357483,0.9306986927986145,50,8,2762,83,4,NA,NA,"pure signal first try"
0.9248369634151459,0.9044930338859558,0.9451808929443359,50,6,2762,83,4,NA,NA,"pure signal first try"
0.933083713054657,0.9155569076538086,0.9506105184555054,50,5,2762,83,4,NA,NA,"pure signal first try"
0.9248369634151459,0.9044930338859558,0.9451808929443359,50,6,2762,83,4,NA,NA,"pure signal first try"
0.933083713054657,0.9155569076538086,0.9506105184555054,50,5,2762,83,4,NA,NA,"pure signal first try"
0.9248369634151459,0.9044930338859558,0.9451808929443359,50,6,2762,83,4,NA,NA,"pure signal first try"
0.933083713054657,0.9155569076538086,0.9506105184555054,50,5,2762,83,4,NA,NA,"pure signal first try"
0.9188069701194763,0.9047921299934387,0.9328218102455139,50,7,2762,83,4,NA,NA,"pure signal first try"
0.933083713054657,0.9155569076538086,0.9506105184555054,50,5,2762,83,4,NA,NA,"pure signal first try"
0.933083713054657,0.9155569076538086,0.9506105184555054,50,5,2762,83,4,NA,NA,"pure signal first try"
0.9248369634151459,0.9044930338859558,0.9451808929443359,50,6,2762,83,4,NA,NA,"pure signal first try"
0.9188069701194763,0.9047921299934387,0.9328218102455139,50,7,2762,83,4,NA,NA,"pure signal first try"
0.933083713054657,0.9155569076538086,0.9506105184555054,50,5,2762,83,4,NA,NA,"pure signal first try"
0.9248369634151459,0.9044930338859558,0.9451808929443359,50,6,2762,83,4,NA,NA,"pure signal first try"
0.933083713054657,0.9155569076538086,0.9506105184555054,50,5,2762,83,4,NA,NA,"pure signal first try"
0.9248369634151459,0.9044930338859558,0.9451808929443359,50,6,2762,83,4,NA,NA,"pure signal first try"
0.933083713054657,0.9155569076538086,0.9506105184555054,50,5,2762,83,4,NA,NA,"pure signal first try"
0.9188069701194763,0.9047921299934387,0.9328218102455139,50,7,2762,83,4,NA,NA,"pure signal first try"
0.9248369634151459,0.9044930338859558,0.9451808929443359,50,6,2762,83,4,NA,NA,"pure signal first try"
0.9021674692630768,0.8703534007072449,0.9339815378189087,50,107,2762,83,4,NA,NA,"pure signal first try"
0.933083713054657,0.9155569076538086,0.9506105184555054,50,5,2762,83,4,NA,NA,"pure signal first try"
0.9129882752895355,0.8928750157356262,0.9331015348434448,50,9,2762,83,4,NA,NA,"pure signal first try"
0.9248369634151459,0.9044930338859558,0.9451808929443359,50,6,2762,83,4,NA,NA,"pure signal first try"
0.933083713054657,0.9155569076538086,0.9506105184555054,50,5,2762,83,4,NA,NA,"pure signal first try"
0.8415639698505402,0.7839994430541992,0.8991284966468811,50,618,2762,83,4,NA,NA,"pure signal first try"
0.933083713054657,0.9155569076538086,0.9506105184555054,50,5,2762,83,4,NA,NA,"pure signal first try"
0.9248369634151459,0.9044930338859558,0.9451808929443359,50,6,2762,83,4,NA,NA,"pure signal first try"
0.9155840277671814,0.9004693627357483,0.9306986927986145,50,8,2762,83,4,NA,NA,"pure signal first try"
0.9188069701194763,0.9047921299934387,0.9328218102455139,50,7,2762,83,4,NA,NA,"pure signal first try"
0.933083713054657,0.9155569076538086,0.9506105184555054,50,5,2762,83,4,NA,NA,"pure signal first try"
0.9248369634151459,0.9044930338859558,0.9451808929443359,50,6,2762,83,4,NA,NA,"pure signal first try"
0.933083713054657,0.9155569076538086,0.9506105184555054,50,5,2762,83,4,NA,NA,"pure signal first try"
0.933083713054657,0.9155569076538086,0.9506105184555054,50,5,2762,83,4,NA,NA,"pure signal first try"
0.9188069701194763,0.9047921299934387,0.9328218102455139,50,7,2762,83,4,NA,NA,"pure signal first try"
0.9248369634151459,0.9044930338859558,0.9451808929443359,50,6,2762,83,4,NA,NA,"pure signal first try"
0.9248369634151459,0.9044930338859558,0.9451808929443359,50,6,2762,83,4,NA,NA,"pure signal first try"
0.8391291797161102,0.7792770862579346,0.8989812731742859,50,1015,2762,83,4,NA,NA,"pure signal first try"
0.933083713054657,0.9155569076538086,0.9506105184555054,50,5,2762,83,4,NA,NA,"pure signal first try"
0.933083713054657,0.9155569076538086,0.9506105184555054,50,5,2762,83,4,NA,NA,"pure signal first try"
0.9188069701194763,0.9047921299934387,0.9328218102455139,50,7,2762,83,4,NA,NA,"pure signal first try"
0.9248369634151459,0.9044930338859558,0.9451808929443359,50,6,2762,83,4,NA,NA,"pure signal first try"
0.933083713054657,0.9155569076538086,0.9506105184555054,50,5,2762,83,4,NA,NA,"pure signal first try"
0.9248369634151459,0.9044930338859558,0.9451808929443359,50,6,2762,83,4,NA,NA,"pure signal first try"
0.933083713054657,0.9155569076538086,0.9506105184555054,50,5,2762,83,4,NA,NA,"pure signal first try"
0.933083713054657,0.9155569076538086,0.9506105184555054,50,5,2762,83,4,NA,NA,"pure signal first try"
0.9248369634151459,0.9044930338859558,0.9451808929443359,50,6,2762,83,4,NA,NA,"pure signal first try"
0.9202987253665924,0.9030376672744751,0.9375597834587097,50,18,2762,83,4,NA,NA,"pure signal first try"
0.933083713054657,0.9155569076538086,0.9506105184555054,50,5,2762,83,4,NA,NA,"pure signal first try"
0.9248369634151459,0.9044930338859558,0.9451808929443359,50,6,2762,83,4,NA,NA,"pure signal first try"
0.9155840277671814,0.9004693627357483,0.9306986927986145,50,8,2762,83,4,NA,NA,"pure signal first try"
0.933083713054657,0.9155569076538086,0.9506105184555054,50,5,2762,83,4,NA,NA,"pure signal first try"
0.9188069701194763,0.9047921299934387,0.9328218102455139,50,7,2762,83,4,NA,NA,"pure signal first try"
0.9248369634151459,0.9044930338859558,0.9451808929443359,50,6,2762,83,4,NA,NA,"pure signal first try"
0.8941996395587921,0.8638472557067871,0.9245520234107971,50,65,2762,83,4,NA,NA,"pure signal first try"
0.933083713054657,0.9155569076538086,0.9506105184555054,50,5,2762,83,4,NA,NA,"pure signal first try"
0.9188069701194763,0.9047921299934387,0.9328218102455139,50,7,2762,83,4,NA,NA,"pure signal first try"
0.933083713054657,0.9155569076538086,0.9506105184555054,50,5,2762,83,4,NA,NA,"pure signal first try"
0.9248369634151459,0.9044930338859558,0.9451808929443359,50,6,2762,83,4,NA,NA,"pure signal first try"
0.933083713054657,0.9155569076538086,0.9506105184555054,50,5,2762,83,4,NA,NA,"pure signal first try"
0.867715984582901,0.8182479739189148,0.9171839952468872,50,223,2762,83,4,NA,NA,"pure signal first try"
0.9248369634151459,0.9044930338859558,0.9451808929443359,50,6,2762,83,4,NA,NA,"pure signal first try"
0.933083713054657,0.9155569076538086,0.9506105184555054,50,5,2762,83,4,NA,NA,"pure signal first try"
0.9248369634151459,0.9044930338859558,0.9451808929443359,50,6,2762,83,4,NA,NA,"pure signal first try"
0.933083713054657,0.9155569076538086,0.9506105184555054,50,5,2762,83,4,NA,NA,"pure signal first try"
0.9248369634151459,0.9044930338859558,0.9451808929443359,50,6,2762,83,4,NA,NA,"pure signal first try"
0.933083713054657,0.9155569076538086,0.9506105184555054,50,5,2762,83,4,NA,NA,"pure signal first try"
0.933083713054657,0.9155569076538086,0.9506105184555054,50,5,2762,83,4,NA,NA,"pure signal first try"
0.9188069701194763,0.9047921299934387,0.9328218102455139,50,7,2762,83,4,NA,NA,"pure signal first try"
0.9248369634151459,0.9044930338859558,0.9451808929443359,50,6,2762,83,4,NA,NA,"pure signal first try"
0.9188069701194763,0.9047921299934387,0.9328218102455139,50,7,2762,83,4,NA,NA,"pure signal first try"
0.933083713054657,0.9155569076538086,0.9506105184555054,50,5,2762,83,4,NA,NA,"pure signal first try"
0.9248369634151459,0.9044930338859558,0.9451808929443359,50,6,2762,83,4,NA,NA,"pure signal first try"
0.9155840277671814,0.9004693627357483,0.9306986927986145,50,8,2762,83,4,NA,NA,"pure signal first try"
0.933083713054657,0.9155569076538086,0.9506105184555054,50,5,2762,83,4,NA,NA,"pure signal first try"
0.9172453582286835,0.8927413821220398,0.9417493343353271,50,13,2762,83,4,NA,NA,"pure signal first try"
0.9248369634151459,0.9044930338859558,0.9451808929443359,50,6,2762,83,4,NA,NA,"pure signal first try"
0.933083713054657,0.9155569076538086,0.9506105184555054,50,5,2762,83,4,NA,NA,"pure signal first try"
0.933083713054657,0.9155569076538086,0.9506105184555054,50,5,2762,83,4,NA,NA,"pure signal first try"
0.9188069701194763,0.9047921299934387,0.9328218102455139,50,7,2762,83,4,NA,NA,"pure signal first try"
0.933083713054657,0.9155569076538086,0.9506105184555054,50,5,2762,83,4,NA,NA,"pure signal first try"
0.9248369634151459,0.9044930338859558,0.9451808929443359,50,6,2762,83,4,NA,NA,"pure signal first try"
0.9248369634151459,0.9044930338859558,0.9451808929443359,50,6,2762,83,4,NA,NA,"pure signal first try"
0.933083713054657,0.9155569076538086,0.9506105184555054,50,5,2762,83,4,NA,NA,"pure signal first try"
0.9188069701194763,0.9047921299934387,0.9328218102455139,50,7,2762,83,4,NA,NA,"pure signal first try"
0.9129882752895355,0.8928750157356262,0.9331015348434448,50,9,2762,83,4,NA,NA,"pure signal first try"
0.9248369634151459,0.9044930338859558,0.9451808929443359,50,6,2762,83,4,NA,NA,"pure signal first try"
0.933083713054657,0.9155569076538086,0.9506105184555054,50,5,2762,83,4,NA,NA,"pure signal first try"
0.933083713054657,0.9155569076538086,0.9506105184555054,50,5,2762,83,4,NA,NA,"pure signal first try"
0.9248369634151459,0.9044930338859558,0.9451808929443359,50,6,2762,83,4,NA,NA,"pure signal first try"
0.933083713054657,0.9155569076538086,0.9506105184555054,50,5,2762,83,4,NA,NA,"pure signal first try"
0.9188069701194763,0.9047921299934387,0.9328218102455139,50,7,2762,83,4,NA,NA,"pure signal first try"
0.8545321226119995,0.8025177717208862,0.9065464735031128,50,1406,2762,83,4,NA,NA,"pure signal first try"
0.9248369634151459,0.9044930338859558,0.9451808929443359,50,6,2762,83,4,NA,NA,"pure signal first try"
0.933083713054657,0.9155569076538086,0.9506105184555054,50,5,2762,83,4,NA,NA,"pure signal first try"
0.9248369634151459,0.9044930338859558,0.9451808929443359,50,6,2762,83,4,NA,NA,"pure signal first try"
0.933083713054657,0.9155569076538086,0.9506105184555054,50,5,2762,83,4,NA,NA,"pure signal first try"
0.933083713054657,0.9155569076538086,0.9506105184555054,50,5,2762,83,4,NA,NA,"pure signal first try"
0.9180693626403809,0.8951141238212585,0.9410246014595032,50,27,2762,83,4,NA,NA,"pure signal first try"
0.9248369634151459,0.9044930338859558,0.9451808929443359,50,6,2762,83,4,NA,NA,"pure signal first try"
0.9155840277671814,0.9004693627357483,0.9306986927986145,50,8,2762,83,4,NA,NA,"pure signal first try"
0.933083713054657,0.9155569076538086,0.9506105184555054,50,5,2762,83,4,NA,NA,"pure signal first try"
0.9188069701194763,0.9047921299934387,0.9328218102455139,50,7,2762,83,4,NA,NA,"pure signal first try"
0.9248369634151459,0.9044930338859558,0.9451808929443359,50,6,2762,83,4,NA,NA,"pure signal first try"
0.933083713054657,0.9155569076538086,0.9506105184555054,50,5,2762,83,4,NA,NA,"pure signal first try"
0.9248369634151459,0.9044930338859558,0.9451808929443359,50,6,2762,83,4,NA,NA,"pure signal first try"
0.933083713054657,0.9155569076538086,0.9506105184555054,50,5,2762,83,4,NA,NA,"pure signal first try"
0.933083713054657,0.9155569076538086,0.9506105184555054,50,5,2762,83,4,NA,NA,"pure signal first try"
0.9203275442123413,0.8959494829177856,0.944705605506897,50,41,2762,83,4,NA,NA,"pure signal first try"
0.9248369634151459,0.9044930338859558,0.9451808929443359,50,6,2762,83,4,NA,NA,"pure signal first try"
0.9188069701194763,0.9047921299934387,0.9328218102455139,50,7,2762,83,4,NA,NA,"pure signal first try"
0.933083713054657,0.9155569076538086,0.9506105184555054,50,5,2762,83,4,NA,NA,"pure signal first try"
0.9248369634151459,0.9044930338859558,0.9451808929443359,50,6,2762,83,4,NA,NA,"pure signal first try"
0.933083713054657,0.9155569076538086,0.9506105184555054,50,5,2762,83,4,NA,NA,"pure signal first try"
0.933083713054657,0.9155569076538086,0.9506105184555054,50,5,2762,83,4,NA,NA,"pure signal first try"
0.9248369634151459,0.9044930338859558,0.9451808929443359,50,6,2762,83,4,NA,NA,"pure signal first try"
0.9188069701194763,0.9047921299934387,0.9328218102455139,50,7,2762,83,4,NA,NA,"pure signal first try"
0.933083713054657,0.9155569076538086,0.9506105184555054,50,5,2762,83,4,NA,NA,"pure signal first try"
0.8840936720371246,0.8504758477210999,0.9177114963531494,50,150,2762,83,4,NA,NA,"pure signal first try"
0.9248369634151459,0.9044930338859558,0.9451808929443359,50,6,2762,83,4,NA,NA,"pure signal first try"
0.933083713054657,0.9155569076538086,0.9506105184555054,50,5,2762,83,4,NA,NA,"pure signal first try"
0.9248369634151459,0.9044930338859558,0.9451808929443359,50,6,2762,83,4,NA,NA,"pure signal first try"
0.9155840277671814,0.9004693627357483,0.9306986927986145,50,8,2762,83,4,NA,NA,"pure signal first try"
0.9188069701194763,0.9047921299934387,0.9328218102455139,50,7,2762,83,4,NA,NA,"pure signal first try"
0.8723827004432678,0.8272616267204285,0.9175037741661072,50,309,2762,83,4,NA,NA,"pure signal first try"
0.933083713054657,0.9155569076538086,0.9506105184555054,50,5,2762,83,4,NA,NA,"pure signal first try"
0.933083713054657,0.9155569076538086,0.9506105184555054,50,5,2762,83,4,NA,NA,"pure signal first try"
0.9248369634151459,0.9044930338859558,0.9451808929443359,50,6,2762,83,4,NA,NA,"pure signal first try"
0.9035803377628326,0.87061607837677,0.9365445971488953,50,23,2762,83,4,NA,NA,"pure signal first try"
0.933083713054657,0.9155569076538086,0.9506105184555054,50,5,2762,83,4,NA,NA,"pure signal first try"
0.9248369634151459,0.9044930338859558,0.9451808929443359,50,6,2762,83,4,NA,NA,"pure signal first try"
0.9188069701194763,0.9047921299934387,0.9328218102455139,50,7,2762,83,4,NA,NA,"pure signal first try"
0.933083713054657,0.9155569076538086,0.9506105184555054,50,5,2762,83,4,NA,NA,"pure signal first try"
0.9248369634151459,0.9044930338859558,0.9451808929443359,50,6,2762,83,4,NA,NA,"pure signal first try"
0.933083713054657,0.9155569076538086,0.9506105184555054,50,5,2762,83,4,NA,NA,"pure signal first try"
0.933083713054657,0.9155569076538086,0.9506105184555054,50,5,2762,83,4,NA,NA,"pure signal first try"
0.9155840277671814,0.9004693627357483,0.9306986927986145,50,8,2762,83,4,NA,NA,"pure signal first try"
0.9248369634151459,0.9044930338859558,0.9451808929443359,50,6,2762,83,4,NA,NA,"pure signal first try"
0.9248369634151459,0.9044930338859558,0.9451808929443359,50,6,2762,83,4,NA,NA,"pure signal first try"
0.933083713054657,0.9155569076538086,0.9506105184555054,50,5,2762,83,4,NA,NA,"pure signal first try"
0.933083713054657,0.9155569076538086,0.9506105184555054,50,5,2762,83,4,NA,NA,"pure signal first try"
0.9188069701194763,0.9047921299934387,0.9328218102455139,50,7,2762,83,4,NA,NA,"pure signal first try"
0.9248369634151459,0.9044930338859558,0.9451808929443359,50,6,2762,83,4,NA,NA,"pure signal first try"
0.933083713054657,0.9155569076538086,0.9506105184555054,50,5,2762,83,4,NA,NA,"pure signal first try"
0.9248369634151459,0.9044930338859558,0.9451808929443359,50,6,2762,83,4,NA,NA,"pure signal first try"
0.933083713054657,0.9155569076538086,0.9506105184555054,50,5,2762,83,4,NA,NA,"pure signal first try"
0.933083713054657,0.9155569076538086,0.9506105184555054,50,5,2762,83,4,NA,NA,"pure signal first try"
0.9131834208965302,0.8852671384811401,0.9410997033119202,50,10,2762,83,4,NA,NA,"pure signal first try"
0.8480098843574524,0.7880409955978394,0.9079787731170654,50,819,2762,83,4,NA,NA,"pure signal first try"
0.9188069701194763,0.9047921299934387,0.9328218102455139,50,7,2762,83,4,NA,NA,"pure signal first try"
0.9248369634151459,0.9044930338859558,0.9451808929443359,50,6,2762,83,4,NA,NA,"pure signal first try"
0.933083713054657,0.9155569076538086,0.9506105184555054,50,5,2762,83,4,NA,NA,"pure signal first try"
0.9248369634151459,0.9044930338859558,0.9451808929443359,50,6,2762,83,4,NA,NA,"pure signal first try"
0.933083713054657,0.9155569076538086,0.9506105184555054,50,5,2762,83,4,NA,NA,"pure signal first try"
0.933083713054657,0.9155569076538086,0.9506105184555054,50,5,2762,83,4,NA,NA,"pure signal first try"
0.9248369634151459,0.9044930338859558,0.9451808929443359,50,6,2762,83,4,NA,NA,"pure signal first try"
0.9188069701194763,0.9047921299934387,0.9328218102455139,50,7,2762,83,4,NA,NA,"pure signal first try"
0.933083713054657,0.9155569076538086,0.9506105184555054,50,5,2762,83,4,NA,NA,"pure signal first try"
0.9248369634151459,0.9044930338859558,0.9451808929443359,50,6,2762,83,4,NA,NA,"pure signal first try"
0.9248369634151459,0.9044930338859558,0.9451808929443359,50,6,2762,83,4,NA,NA,"pure signal first try"
0.933083713054657,0.9155569076538086,0.9506105184555054,50,5,2762,83,4,NA,NA,"pure signal first try"
0.9155840277671814,0.9004693627357483,0.9306986927986145,50,8,2762,83,4,NA,NA,"pure signal first try"
0.933083713054657,0.9155569076538086,0.9506105184555054,50,5,2762,83,4,NA,NA,"pure signal first try"
0.9188069701194763,0.9047921299934387,0.9328218102455139,50,7,2762,83,4,NA,NA,"pure signal first try"
